{
    "经纬度": {
        "经度": 114.3826036485,
        "纬度": 22.7113838341
    },
    "高度（米）": 12,
    "预置位": {
        "P": 298,
        "T": 17
    },
    "像素坐标": [
        [
            82,
            553
        ],
        [
            1170,
            577
        ],
        [
            1185,
            263
        ],
        [
            776,
            16
        ],
        [
            490,
            20
        ]
    ],
    "//": "地理坐标请一定要注意删除最后一个重复的",
    "地理坐标": [
        [
            114.3824927696818,
            22.711504157903267
        ],
        [
            114.38269105473424,
            22.711569845432663
        ],
        [
            114.3827349268094,
            22.711663208684715
        ],
        [
            114.38228061212108,
            22.712316962675622
        ],
        [
            114.38197886217004,
            22.71220556009896
        ]
    ],
    "转换矩阵": {
        "像素坐标转utm": [
            [
                -55.02966423728482,
                15990.956876125194,
                847327.9006346423
            ],
            [
                -163.87194957871517,
                47462.207748046894,
                2515607.5955792554
            ],
            [
                -6.517346954504126e-05,
                0.018867591662731227,
                1.0
            ]
        ],
        "utm转像素坐标": [
            [
                -0.00025826358930644886,
                -0.0004982537499062333,
                1472.2636114908441
            ],
            [
                -5.583270112464464e-06,
                3.995102440589954e-05,
                -95.77124261981758
            ],
            [
                1.3420626549237354e-07,
                -4.4274653426585573e-07,
                1.0
            ]
        ]
    }
}