{
    "朝向": {
        "P": 328,
        "T": 17
    },
    "图片位置": "test_img/after.jpg",
    "转换矩阵": {
        "像所坐标转utm": [
            [
                169.34685075280152,
                12151.740665957886,
                847418.413270537
            ],
            [
                502.07098282348363,
                36066.92052547961,
                2515703.653938966
            ],
            [
                0.00019959985204727687,
                0.014337693084639605,
                1.0
            ]
        ],
        "utm转像素坐标": [
            [
                -0.00038330368217233364,
                -0.0002472851045971912,
                946.9180076534356
            ],
            [
                1.1749954903453497e-05,
                3.0274890845812498e-05,
                -86.1200494432423
            ],
            [
                -8.650916769597868e-08,
                -3.6838338251990004e-07,
                1.0
            ]
        ]
    }
}