{
    "朝向": {
        "P": 328,
        "T": 17
    },
    "图片位置": "test_img/after.jpg",
    "转换矩阵": {
        "像所坐标转utm": [
            [
                -1452.7730435678088,
                -139241.1015929508,
                -9387358.546758829
            ],
            [
                -111.53134728529695,
                -10685.372888807935,
                -720210.0531395052
            ],
            [
                0.00015477965788908107,
                0.01483302245788851,
                1.0
            ]
        ],
        "utm转像素坐标": [
            [
                0.0003484334200954748,
                0.00023141257767017375,
                3437.5319392014862
            ],
            [
                -9.975794089337485e-06,
                -2.6812261586681786e-05,
                -112.95653349499246
            ],
            [
                8.016533491184264e-08,
                3.435261420468064e-07,
                1.0
            ]
        ]
    }
}